{
   "n_input": 22,
   "n_hidden": 2,
   "n_output": 5,
   "input_names": [
      "NCT",
      "VMAX0",
      "AVDX",
      "EMDX",
      "EGDX",
      "HWDX",
      "AVDY",
      "EMDY",
      "EGDY",
      "HWDY",
      "LONC",
      "LATC",
      "VMXC",
      "DV12",
      "SLAT",
      "SHDC",
      "SSTN",
      "DTL",
      "DSDV",
      "LGDV",
      "HWDV",
      "AVDV"
   ],
   "output_names": [
      "mu_u",
      "mu_v",
      "sigma_u",
      "sigma_v",
      "rho"
   ],
   "input_traits": {
      "n_input": 22,
      "mean": [
         3.5290212631225586,
         61.21891403198242,
         10.068700790405273,
         -7.107753753662109,
         -10.420934677124023,
         7.44759464263916,
         3.203648328781128,
         -1.9779019355773926,
         -4.7559285163879395,
         3.529892683029175,
         126.76166534423828,
         17.635530471801758,
         60.87731170654297,
         2.927032232284546,
         16.96538543701172,
         11.125873565673828,
         27.72574234008789,
         1041.2071533203125,
         1.9953982830047607,
         -1.094900369644165,
         -1.0948173999786377,
         0.13859869539737701
      ],
      "std": [
         0.6252591013908386,
         27.536470413208008,
         32.67253494262695,
         33.918888092041016,
         41.755775451660156,
         34.262271881103516,
         27.97827911376953,
         25.657291412353516,
         35.115081787109375,
         31.341341018676758,
         19.275936126708984,
         4.021841049194336,
         23.841899871826172,
         11.127097129821777,
         3.6939444541931152,
         6.779938697814941,
         1.4267770051956177,
         656.19384765625,
         4.9122796058654785,
         4.239709854125977,
         7.142070293426514,
         6.608536243438721
      ]
   },
   "hidden_traits": [
      {
         "n_input_connections": 22,
         "n_output_connections": 5,
         "weights": [
            [
               -0.17378708720207214,
               -0.26190653443336487,
               -0.12045610696077347,
               0.1424589455127716,
               0.05107531324028969
            ],
            [
               0.02867838926613331,
               0.05181598663330078,
               -0.20838642120361328,
               -0.16783535480499268,
               -0.09046095609664917
            ],
            [
               0.007426051888614893,
               0.030436305329203606,
               0.20007334649562836,
               0.1267971247434616,
               -0.3338339328765869
            ],
            [
               0.032178983092308044,
               0.07258647680282593,
               -0.0125771788880229,
               -0.15044857561588287,
               0.2869560420513153
            ],
            [
               -0.2808573246002197,
               0.27307817339897156,
               0.08458101749420166,
               -0.005370979197323322,
               -0.0765916109085083
            ],
            [
               0.20057351887226105,
               -0.20071400701999664,
               -0.26407837867736816,
               0.19493654370307922,
               0.19195722043514252
            ],
            [
               0.040679603815078735,
               -0.022537026554346085,
               -0.06724198907613754,
               0.07933809608221054,
               -0.028040798380970955
            ],
            [
               -0.1393219530582428,
               -0.35111483931541443,
               0.0613018199801445,
               0.08224543929100037,
               0.1530771404504776
            ],
            [
               -0.0933932438492775,
               0.036848701536655426,
               0.07092810422182083,
               0.05563712492585182,
               -0.16498306393623352
            ],
            [
               0.09792003035545349,
               0.4332680404186249,
               -0.20520031452178955,
               -0.2823735773563385,
               0.1789882481098175
            ],
            [
               0.37904077768325806,
               0.012390456162393093,
               0.07153428345918655,
               0.23108834028244019,
               -0.23516079783439636
            ],
            [
               0.368040531873703,
               -0.17155621945858002,
               0.2691347002983093,
               -0.16328339278697968,
               0.011506580747663975
            ],
            [
               -0.3303914964199066,
               0.00524408183991909,
               -0.06632691621780396,
               -0.5559641718864441,
               -0.24813736975193024
            ],
            [
               0.21913449466228485,
               0.008279841393232346,
               0.2104937583208084,
               -0.20876091718673706,
               -0.13037531077861786
            ],
            [
               -0.11355297267436981,
               -0.19973638653755188,
               -0.22387097775936127,
               -0.3023022711277008,
               -0.21061831712722778
            ],
            [
               0.17337369918823242,
               0.13631518185138702,
               -0.2124118059873581,
               -0.2761310338973999,
               0.034305572509765625
            ],
            [
               0.030370589345693588,
               -0.07720070332288742,
               0.14165803790092468,
               0.1692441701889038,
               0.09917939454317093
            ],
            [
               -0.31110337376594543,
               0.13205334544181824,
               -0.19724316895008087,
               0.3334072530269623,
               -0.2665010392665863
            ],
            [
               0.01732439175248146,
               0.12332241982221603,
               0.08475567400455475,
               -0.08345845341682434,
               -0.04111785069108009
            ],
            [
               -0.2458438128232956,
               0.04464055597782135,
               0.1278574913740158,
               0.16139434278011322,
               0.13239218294620514
            ],
            [
               0.20023000240325928,
               -0.14192631840705872,
               -0.02034330740571022,
               -0.051852159202098846,
               0.2288639098405838
            ],
            [
               0.05992441624403,
               0.017642606049776077,
               0.15123896300792694,
               0.023922251537442207,
               -0.07978607714176178
            ]
         ],
         "bias": [
            0.2885826826095581,
            -0.14640969038009644,
            0.550994336605072,
            0.1485510915517807,
            0.24993550777435303
         ],
         "activation": "RELU"
      },
      {
         "n_input_connections": 5,
         "n_output_connections": 5,
         "weights": [
            [
               0.49874430894851685,
               0.38520747423171997,
               -0.048087794333696365,
               0.22028876841068268,
               0.47893086075782776
            ],
            [
               0.007490640506148338,
               -0.05783911794424057,
               -0.3785460591316223,
               0.2378915548324585,
               0.6022710204124451
            ],
            [
               0.22235414385795593,
               0.5257693529129028,
               -0.2182197868824005,
               0.47880804538726807,
               -0.024104930460453033
            ],
            [
               0.3734583258628845,
               0.20793521404266357,
               0.48191770911216736,
               0.14633741974830627,
               0.3956775367259979
            ],
            [
               0.13076604902744293,
               0.4584343433380127,
               -0.21855954825878143,
               0.4795095920562744,
               0.07716995477676392
            ]
         ],